date,home_team,scroe,away_team
26-09-2020,Brescia,1 - 1,Ascoli
03-10-2020,Ascoli,0 - 2,Lecce
17-10-2020,Frosinone,1 - 0,Ascoli
20-10-2020,Ascoli,2 - 1,Reggiana
24-10-2020,Salernitana,1 - 0,Ascoli
31-10-2020,Ascoli,0 - 1,Pordenone
22-11-2020,Ascoli,1 - 1,Virtus Entella
28-11-2020,Venezia,2 - 1,Ascoli
04-12-2020,Ascoli,0 - 2,Pescara
08-12-2020,Pisa,2 - 1,Ascoli
12-12-2020,Cremonese,3 - 3,Ascoli
15-12-2020,Ascoli,0 - 3,Nuova Cosenza
19-12-2020,Vicenza Virtus,2 - 1,Ascoli
22-12-2020,Monza,2 - 0,Ascoli
27-12-2020,Ascoli,2 - 0,Spal
30-12-2020,Empoli,1 - 1,Ascoli
04-01-2021,Ascoli,2 - 1,Reggina
16-01-2021,Cittadella,1 - 0,Ascoli
23-01-2021,Ascoli,0 - 0,Chievo
30-01-2021,Ascoli,2 - 1,Brescia
05-02-2021,Lecce,1 - 2,Ascoli
09-02-2021,Ascoli,1 - 1,Frosinone
14-02-2021,Reggiana,1 - 0,Ascoli
20-02-2021,Ascoli,0 - 2,Salernitana
27-02-2021,Pordenone,1 - 1,Ascoli
02-03-2021,Ascoli,0 - 2,Pisa
06-03-2021,Virtus Entella,0 - 0,Ascoli
13-03-2021,Ascoli,1 - 1,Venezia
16-03-2021,Pescara,2 - 3,Ascoli
19-03-2021,Ascoli,0 - 0,Cremonese
02-04-2021,Nuova Cosenza,2 - 1,Ascoli
05-04-2021,Ascoli,2 - 1,Vicenza Virtus
10-04-2021,Ascoli,1 - 0,Monza
16-04-2021,Spal,1 - 2,Ascoli
01-05-2021,Ascoli,2 - 0,Empoli
04-05-2021,Reggina,2 - 2,Ascoli
07-05-2021,Ascoli,2 - 0,Cittadella
10-05-2021,Chievo,3 - 0,Ascoli
26-09-2020,Brescia,1 - 1,Ascoli
04-10-2020,Cittadella,3 - 0,Brescia
16-10-2020,Brescia,3 - 0,Lecce
20-10-2020,Chievo,1 - 0,Brescia
31-10-2020,Brescia,2 - 2,Virtus Entella
07-11-2020,Nuova Cosenza,1 - 2,Brescia
21-11-2020,Brescia,2 - 2,Venezia
28-11-2020,Brescia,1 - 2,Frosinone
05-12-2020,Reggina,2 - 1,Brescia
08-12-2020,Cremonese,2 - 2,Brescia
12-12-2020,Brescia,3 - 1,Salernitana
15-12-2020,Pordenone,1 - 1,Brescia
19-12-2020,Brescia,3 - 1,Reggiana
22-12-2020,Pescara,1 - 1,Brescia
27-12-2020,Brescia,1 - 3,Empoli
30-12-2020,Spal,2 - 3,Brescia
04-01-2021,Brescia,0 - 3,Vicenza Virtus
16-01-2021,Pisa,1 - 0,Brescia
25-01-2021,Brescia,0 - 1,Monza
30-01-2021,Ascoli,2 - 1,Brescia
06-02-2021,Brescia,3 - 3,Cittadella
09-02-2021,Lecce,2 - 2,Brescia
14-02-2021,Brescia,1 - 0,Chievo
20-02-2021,Brescia,1 - 2,Cremonese
27-02-2021,Virtus Entella,1 - 1,Brescia
02-03-2021,Brescia,2 - 0,Nuova Cosenza
06-03-2021,Venezia,0 - 1,Brescia
13-03-2021,Frosinone,0 - 1,Brescia
16-03-2021,Brescia,1 - 0,Reggina
21-03-2021,Salernitana,1 - 0,Brescia
02-04-2021,Brescia,4 - 1,Pordenone
05-04-2021,Reggiana,2 - 2,Brescia
10-04-2021,Brescia,1 - 1,Pescara
17-04-2021,Empoli,4 - 2,Brescia
01-05-2021,Brescia,3 - 1,Spal
04-05-2021,Vicenza Virtus,0 - 3,Brescia
07-05-2021,Brescia,4 - 3,Pisa
10-05-2021,Monza,0 - 2,Brescia
13-05-2021,Cittadella,1 - 0,Brescia
26-09-2020,Pescara,0 - 0,Chievo
03-10-2020,Chievo,1 - 2,Salernitana
17-10-2020,Reggiana,0 - 1,Chievo
20-10-2020,Chievo,1 - 0,Brescia
24-10-2020,Monza,1 - 2,Chievo
31-10-2020,Chievo,2 - 0,Nuova Cosenza
07-11-2020,Pordenone,1 - 1,Chievo
27-11-2020,Chievo,1 - 2,Lecce
05-12-2020,Frosinone,3 - 2,Chievo
11-12-2020,Chievo,3 - 0,Reggina
15-12-2020,Spal,0 - 0,Chievo
19-12-2020,Chievo,1 - 1,Empoli
22-12-2020,Pisa,2 - 2,Chievo
30-12-2020,Chievo,1 - 1,Venezia
04-01-2021,Cremonese,0 - 2,Chievo
15-01-2021,Chievo,2 - 1,Virtus Entella
19-01-2021,Vicenza Virtus,1 - 1,Chievo
23-01-2021,Ascoli,0 - 0,Chievo
27-01-2021,Chievo,2 - 1,Cittadella
31-01-2021,Chievo,3 - 1,Pescara
06-02-2021,Salernitana,1 - 1,Chievo
10-02-2021,Chievo,1 - 0,Reggiana
14-02-2021,Brescia,1 - 0,Chievo
20-02-2021,Chievo,0 - 1,Monza
27-02-2021,Nuova Cosenza,1 - 0,Chievo
02-03-2021,Chievo,3 - 0,Pordenone
08-03-2021,Chievo,1 - 2,Vicenza Virtus
13-03-2021,Lecce,4 - 2,Chievo
16-03-2021,Chievo,0 - 0,Frosinone
21-03-2021,Reggina,1 - 1,Chievo
02-04-2021,Chievo,1 - 1,Spal
12-04-2021,Chievo,2 - 0,Pisa
17-04-2021,Cittadella,1 - 0,Chievo
27-04-2021,Empoli,2 - 2,Chievo
01-05-2021,Venezia,3 - 1,Chievo
04-05-2021,Chievo,1 - 1,Cremonese
07-05-2021,Virtus Entella,1 - 3,Chievo
10-05-2021,Chievo,3 - 0,Ascoli
27-09-2020,Cremonese,0 - 2,Cittadella
04-10-2020,Cittadella,3 - 0,Brescia
17-10-2020,Nuova Cosenza,1 - 1,Cittadella
20-10-2020,Cittadella,2 - 0,Pordenone
31-10-2020,Cittadella,1 - 2,Monza
08-11-2020,Pescara,3 - 1,Cittadella
21-11-2020,Cittadella,2 - 2,Empoli
28-11-2020,Pisa,1 - 4,Cittadella
05-12-2020,Salernitana,1 - 0,Cittadella
12-12-2020,Cittadella,2 - 0,Spal
15-12-2020,Cittadella,3 - 0,Vicenza Virtus
19-12-2020,Reggina,1 - 3,Cittadella
22-12-2020,Cittadella,1 - 0,Frosinone
30-12-2020,Cittadella,2 - 2,Lecce
04-01-2021,Virtus Entella,1 - 0,Cittadella
09-01-2021,Reggiana,0 - 2,Cittadella
16-01-2021,Cittadella,1 - 0,Ascoli
23-01-2021,Venezia,1 - 0,Cittadella
27-01-2021,Chievo,2 - 1,Cittadella
31-01-2021,Cittadella,1 - 1,Cremonese
06-02-2021,Brescia,3 - 3,Cittadella
09-02-2021,Cittadella,1 - 1,Nuova Cosenza
13-02-2021,Pordenone,0 - 1,Cittadella
20-02-2021,Cittadella,0 - 3,Reggiana
27-02-2021,Monza,0 - 0,Cittadella
02-03-2021,Cittadella,0 - 1,Pescara
07-03-2021,Empoli,1 - 1,Cittadella
12-03-2021,Cittadella,2 - 0,Pisa
16-03-2021,Cittadella,0 - 0,Salernitana
20-03-2021,Spal,1 - 0,Cittadella
02-04-2021,Vicenza Virtus,1 - 0,Cittadella
05-04-2021,Cittadella,1 - 1,Reggina
10-04-2021,Frosinone,1 - 1,Cittadella
17-04-2021,Cittadella,1 - 0,Chievo
01-05-2021,Lecce,1 - 3,Cittadella
04-05-2021,Cittadella,1 - 0,Virtus Entella
07-05-2021,Ascoli,2 - 0,Cittadella
10-05-2021,Cittadella,1 - 1,Venezia
13-05-2021,Cittadella,1 - 0,Brescia
17-05-2021,Cittadella,3 - 0,Monza
20-05-2021,Monza,2 - 0,Cittadella
23-05-2021,Cittadella,0 - 1,Venezia
27-05-2021,Venezia,1 - 1,Cittadella
27-09-2020,Cremonese,0 - 2,Cittadella
04-10-2020,Pisa,1 - 1,Cremonese
17-10-2020,Cremonese,0 - 0,Venezia
21-10-2020,Lecce,2 - 2,Cremonese
01-11-2020,Frosinone,1 - 0,Cremonese
07-11-2020,Cremonese,0 - 1,Vicenza Virtus
23-11-2020,Salernitana,2 - 1,Cremonese
29-11-2020,Reggiana,1 - 1,Cremonese
05-12-2020,Cremonese,2 - 1,Virtus Entella
08-12-2020,Cremonese,2 - 2,Brescia
12-12-2020,Cremonese,3 - 3,Ascoli
15-12-2020,Empoli,1 - 0,Cremonese
19-12-2020,Cremonese,1 - 0,Nuova Cosenza
22-12-2020,Pordenone,1 - 2,Cremonese
27-12-2020,Cremonese,0 - 2,Monza
30-12-2020,Reggina,1 - 0,Cremonese
04-01-2021,Cremonese,0 - 2,Chievo
17-01-2021,Pescara,0 - 2,Cremonese
24-01-2021,Cremonese,1 - 1,Spal
31-01-2021,Cittadella,1 - 1,Cremonese
06-02-2021,Cremonese,2 - 1,Pisa
09-02-2021,Venezia,3 - 1,Cremonese
13-02-2021,Cremonese,1 - 2,Lecce
20-02-2021,Brescia,1 - 2,Cremonese
27-02-2021,Cremonese,4 - 0,Frosinone
02-03-2021,Vicenza Virtus,3 - 1,Cremonese
06-03-2021,Cremonese,0 - 1,Salernitana
13-03-2021,Cremonese,3 - 0,Reggiana
16-03-2021,Virtus Entella,0 - 2,Cremonese
19-03-2021,Ascoli,0 - 0,Cremonese
05-04-2021,Nuova Cosenza,0 - 1,Cremonese
10-04-2021,Cremonese,2 - 1,Pordenone
13-04-2021,Cremonese,2 - 2,Empoli
17-04-2021,Monza,2 - 1,Cremonese
01-05-2021,Cremonese,1 - 1,Reggina
04-05-2021,Chievo,1 - 1,Cremonese
07-05-2021,Cremonese,3 - 0,Pescara
10-05-2021,Spal,1 - 0,Cremonese
26-09-2020,Frosinone,0 - 2,Empoli
03-10-2020,Empoli,0 - 0,Monza
17-10-2020,Pescara,1 - 2,Empoli
20-10-2020,Empoli,2 - 1,Spal
23-10-2020,Empoli,3 - 1,Pisa
01-11-2020,Venezia,2 - 0,Empoli
07-11-2020,Empoli,3 - 0,Reggina
21-11-2020,Cittadella,2 - 2,Empoli
28-11-2020,Empoli,2 - 2,Vicenza Virtus
07-12-2020,Pordenone,0 - 0,Empoli
12-12-2020,Virtus Entella,2 - 5,Empoli
15-12-2020,Empoli,1 - 0,Cremonese
19-12-2020,Chievo,1 - 1,Empoli
22-12-2020,Empoli,0 - 0,Reggiana
27-12-2020,Brescia,1 - 3,Empoli
30-12-2020,Empoli,1 - 1,Ascoli
04-01-2021,Nuova Cosenza,0 - 2,Empoli
17-01-2021,Empoli,5 - 0,Salernitana
24-01-2021,Lecce,2 - 2,Empoli
30-01-2021,Empoli,3 - 1,Frosinone
06-02-2021,Monza,1 - 1,Empoli
09-02-2021,Empoli,2 - 2,Pescara
13-02-2021,Spal,1 - 1,Empoli
20-02-2021,Pisa,1 - 1,Empoli
26-02-2021,Empoli,1 - 1,Venezia
02-03-2021,Reggina,0 - 3,Empoli
07-03-2021,Empoli,1 - 1,Cittadella
13-03-2021,Vicenza Virtus,0 - 2,Empoli
16-03-2021,Empoli,1 - 0,Pordenone
20-03-2021,Empoli,1 - 0,Virtus Entella
09-04-2021,Reggiana,0 - 1,Empoli
13-04-2021,Cremonese,2 - 2,Empoli
17-04-2021,Empoli,4 - 2,Brescia
27-04-2021,Empoli,2 - 2,Chievo
01-05-2021,Ascoli,2 - 0,Empoli
04-05-2021,Empoli,4 - 0,Nuova Cosenza
07-05-2021,Salernitana,2 - 0,Empoli
10-05-2021,Empoli,2 - 1,Lecce
26-09-2020,Frosinone,0 - 2,Empoli
03-10-2020,Venezia,0 - 2,Frosinone
17-10-2020,Frosinone,1 - 0,Ascoli
20-10-2020,Frosinone,0 - 0,Virtus Entella
24-10-2020,Pescara,0 - 2,Frosinone
01-11-2020,Frosinone,1 - 0,Cremonese
07-11-2020,Monza,2 - 0,Frosinone
20-11-2020,Frosinone,0 - 2,Nuova Cosenza
28-11-2020,Brescia,1 - 2,Frosinone
05-12-2020,Frosinone,3 - 2,Chievo
12-12-2020,Lecce,2 - 2,Frosinone
15-12-2020,Reggiana,1 - 2,Frosinone
18-12-2020,Frosinone,0 - 0,Salernitana
22-12-2020,Cittadella,1 - 0,Frosinone
27-12-2020,Frosinone,1 - 1,Pordenone
04-01-2021,Frosinone,1 - 2,Spal
15-01-2021,Vicenza Virtus,0 - 0,Frosinone
23-01-2021,Frosinone,1 - 1,Reggina
30-01-2021,Empoli,3 - 1,Frosinone
02-02-2021,Pisa,0 - 0,Frosinone
06-02-2021,Frosinone,1 - 2,Venezia
09-02-2021,Ascoli,1 - 1,Frosinone
14-02-2021,Virtus Entella,2 - 3,Frosinone
19-02-2021,Frosinone,0 - 0,Pescara
27-02-2021,Cremonese,4 - 0,Frosinone
02-03-2021,Frosinone,2 - 2,Monza
06-03-2021,Nuova Cosenza,1 - 2,Frosinone
13-03-2021,Frosinone,0 - 1,Brescia
16-03-2021,Chievo,0 - 0,Frosinone
20-03-2021,Frosinone,0 - 3,Lecce
02-04-2021,Frosinone,0 - 0,Reggiana
05-04-2021,Salernitana,1 - 0,Frosinone
10-04-2021,Frosinone,1 - 1,Cittadella
17-04-2021,Pordenone,2 - 0,Frosinone
01-05-2021,Frosinone,3 - 1,Pisa
04-05-2021,Spal,0 - 1,Frosinone
07-05-2021,Frosinone,1 - 1,Vicenza Virtus
10-05-2021,Reggina,0 - 4,Frosinone
26-09-2020,Lecce,0 - 0,Pordenone
03-10-2020,Ascoli,0 - 2,Lecce
16-10-2020,Brescia,3 - 0,Lecce
21-10-2020,Lecce,2 - 2,Cremonese
25-10-2020,Nuova Cosenza,1 - 1,Lecce
02-11-2020,Lecce,3 - 1,Pescara
08-11-2020,Virtus Entella,1 - 5,Lecce
21-11-2020,Lecce,7 - 1,Reggiana
27-11-2020,Chievo,1 - 2,Lecce
05-12-2020,Lecce,2 - 2,Venezia
12-12-2020,Lecce,2 - 2,Frosinone
15-12-2020,Salernitana,1 - 1,Lecce
19-12-2020,Lecce,0 - 3,Pisa
22-12-2020,Spal,1 - 0,Lecce
27-12-2020,Lecce,2 - 1,Vicenza Virtus
30-12-2020,Cittadella,2 - 2,Lecce
04-01-2021,Lecce,0 - 0,Monza
16-01-2021,Reggina,0 - 1,Lecce
24-01-2021,Lecce,2 - 2,Empoli
30-01-2021,Pordenone,1 - 1,Lecce
05-02-2021,Lecce,1 - 2,Ascoli
09-02-2021,Lecce,2 - 2,Brescia
13-02-2021,Cremonese,1 - 2,Lecce
21-02-2021,Lecce,3 - 1,Nuova Cosenza
27-02-2021,Pescara,1 - 1,Lecce
02-03-2021,Lecce,0 - 0,Virtus Entella
07-03-2021,Reggiana,0 - 4,Lecce
13-03-2021,Lecce,4 - 2,Chievo
16-03-2021,Venezia,2 - 3,Lecce
20-03-2021,Frosinone,0 - 3,Lecce
02-04-2021,Lecce,2 - 0,Salernitana
05-04-2021,Pisa,0 - 1,Lecce
10-04-2021,Lecce,1 - 2,Spal
17-04-2021,Vicenza Virtus,1 - 2,Lecce
01-05-2021,Lecce,1 - 3,Cittadella
04-05-2021,Monza,1 - 0,Lecce
07-05-2021,Lecce,2 - 2,Reggina
10-05-2021,Empoli,2 - 1,Lecce
17-05-2021,Venezia,1 - 0,Lecce
20-05-2021,Lecce,1 - 1,Venezia
25-09-2020,Monza,0 - 0,Spal
03-10-2020,Empoli,0 - 0,Monza
20-10-2020,Pisa,1 - 1,Monza
24-10-2020,Monza,1 - 2,Chievo
31-10-2020,Cittadella,1 - 2,Monza
07-11-2020,Monza,2 - 0,Frosinone
21-11-2020,Pordenone,1 - 1,Monza
28-11-2020,Monza,1 - 0,Reggina
02-12-2020,Monza,1 - 1,Vicenza Virtus
06-12-2020,Reggiana,3 - 0,Monza
11-12-2020,Venezia,0 - 2,Monza
15-12-2020,Monza,5 - 0,Virtus Entella
19-12-2020,Pescara,3 - 2,Monza
22-12-2020,Monza,2 - 0,Ascoli
27-12-2020,Cremonese,0 - 2,Monza
30-12-2020,Monza,3 - 0,Salernitana
04-01-2021,Lecce,0 - 0,Monza
16-01-2021,Monza,2 - 2,Nuova Cosenza
25-01-2021,Brescia,0 - 1,Monza
31-01-2021,Spal,1 - 1,Monza
06-02-2021,Monza,1 - 1,Empoli
09-02-2021,Vicenza Virtus,1 - 2,Monza
12-02-2021,Monza,0 - 2,Pisa
20-02-2021,Chievo,0 - 1,Monza
27-02-2021,Monza,0 - 0,Cittadella
02-03-2021,Frosinone,2 - 2,Monza
06-03-2021,Monza,2 - 0,Pordenone
13-03-2021,Reggina,1 - 0,Monza
16-03-2021,Monza,2 - 0,Reggiana
20-03-2021,Monza,1 - 4,Venezia
02-04-2021,Virtus Entella,1 - 1,Monza
05-04-2021,Monza,1 - 1,Pescara
10-04-2021,Ascoli,1 - 0,Monza
17-04-2021,Monza,2 - 1,Cremonese
01-05-2021,Salernitana,1 - 3,Monza
04-05-2021,Monza,1 - 0,Lecce
07-05-2021,Nuova Cosenza,0 - 3,Monza
10-05-2021,Monza,0 - 2,Brescia
17-05-2021,Cittadella,3 - 0,Monza
20-05-2021,Monza,2 - 0,Cittadella
26-09-2020,Nuova Cosenza,0 - 0,Virtus Entella
03-10-2020,Spal,1 - 1,Nuova Cosenza
17-10-2020,Nuova Cosenza,1 - 1,Cittadella
20-10-2020,Reggina,0 - 0,Nuova Cosenza
25-10-2020,Nuova Cosenza,1 - 1,Lecce
31-10-2020,Chievo,2 - 0,Nuova Cosenza
07-11-2020,Nuova Cosenza,1 - 2,Brescia
20-11-2020,Frosinone,0 - 2,Nuova Cosenza
29-11-2020,Nuova Cosenza,0 - 1,Salernitana
06-12-2020,Vicenza Virtus,1 - 1,Nuova Cosenza
12-12-2020,Nuova Cosenza,0 - 1,Reggiana
15-12-2020,Ascoli,0 - 3,Nuova Cosenza
19-12-2020,Cremonese,1 - 0,Nuova Cosenza
22-12-2020,Nuova Cosenza,0 - 0,Venezia
27-12-2020,Nuova Cosenza,1 - 1,Pisa
30-12-2020,Pescara,0 - 0,Nuova Cosenza
04-01-2021,Nuova Cosenza,0 - 2,Empoli
16-01-2021,Monza,2 - 2,Nuova Cosenza
23-01-2021,Nuova Cosenza,0 - 0,Pordenone
30-01-2021,Virtus Entella,1 - 2,Nuova Cosenza
06-02-2021,Nuova Cosenza,1 - 1,Spal
09-02-2021,Cittadella,1 - 1,Nuova Cosenza
15-02-2021,Nuova Cosenza,2 - 2,Reggina
21-02-2021,Lecce,3 - 1,Nuova Cosenza
27-02-2021,Nuova Cosenza,1 - 0,Chievo
02-03-2021,Brescia,2 - 0,Nuova Cosenza
06-03-2021,Nuova Cosenza,1 - 2,Frosinone
13-03-2021,Salernitana,0 - 0,Nuova Cosenza
16-03-2021,Nuova Cosenza,1 - 1,Vicenza Virtus
20-03-2021,Reggiana,1 - 1,Nuova Cosenza
02-04-2021,Nuova Cosenza,2 - 1,Ascoli
05-04-2021,Nuova Cosenza,0 - 1,Cremonese
11-04-2021,Venezia,3 - 0,Nuova Cosenza
17-04-2021,Pisa,3 - 0,Nuova Cosenza
01-05-2021,Nuova Cosenza,3 - 0,Pescara
04-05-2021,Empoli,4 - 0,Nuova Cosenza
07-05-2021,Nuova Cosenza,0 - 3,Monza
10-05-2021,Pordenone,2 - 0,Nuova Cosenza
26-09-2020,Pescara,0 - 0,Chievo
03-10-2020,Reggina,3 - 1,Pescara
17-10-2020,Pescara,1 - 2,Empoli
20-10-2020,Venezia,4 - 0,Pescara
24-10-2020,Pescara,0 - 2,Frosinone
02-11-2020,Lecce,3 - 1,Pescara
08-11-2020,Pescara,3 - 1,Cittadella
21-11-2020,Spal,2 - 0,Pescara
28-11-2020,Pescara,0 - 2,Pordenone
04-12-2020,Ascoli,0 - 2,Pescara
12-12-2020,Pescara,2 - 3,Vicenza Virtus
15-12-2020,Pisa,0 - 0,Pescara
19-12-2020,Pescara,3 - 2,Monza
22-12-2020,Pescara,1 - 1,Brescia
27-12-2020,Virtus Entella,3 - 0,Pescara
30-12-2020,Pescara,0 - 0,Nuova Cosenza
04-01-2021,Reggiana,0 - 1,Pescara
17-01-2021,Pescara,0 - 2,Cremonese
23-01-2021,Salernitana,2 - 0,Pescara
31-01-2021,Chievo,3 - 1,Pescara
06-02-2021,Pescara,0 - 2,Reggina
09-02-2021,Empoli,2 - 2,Pescara
13-02-2021,Pescara,0 - 2,Venezia
19-02-2021,Frosinone,0 - 0,Pescara
27-02-2021,Pescara,1 - 1,Lecce
02-03-2021,Cittadella,0 - 1,Pescara
06-03-2021,Pescara,0 - 1,Spal
13-03-2021,Pordenone,0 - 0,Pescara
16-03-2021,Pescara,2 - 3,Ascoli
20-03-2021,Vicenza Virtus,1 - 0,Pescara
02-04-2021,Pescara,3 - 1,Pisa
05-04-2021,Monza,1 - 1,Pescara
10-04-2021,Brescia,1 - 1,Pescara
27-04-2021,Pescara,1 - 1,Virtus Entella
01-05-2021,Nuova Cosenza,3 - 0,Pescara
04-05-2021,Pescara,1 - 0,Reggiana
07-05-2021,Cremonese,3 - 0,Pescara
10-05-2021,Pescara,0 - 3,Salernitana
27-09-2020,Reggiana,2 - 2,Pisa
04-10-2020,Pisa,1 - 1,Cremonese
17-10-2020,Salernitana,4 - 1,Pisa
20-10-2020,Pisa,1 - 1,Monza
23-10-2020,Empoli,3 - 1,Pisa
31-10-2020,Vicenza Virtus,4 - 4,Pisa
22-11-2020,Reggina,1 - 2,Pisa
28-11-2020,Pisa,1 - 4,Cittadella
05-12-2020,Spal,4 - 0,Pisa
08-12-2020,Pisa,2 - 1,Ascoli
12-12-2020,Pisa,1 - 0,Pordenone
15-12-2020,Pisa,0 - 0,Pescara
19-12-2020,Lecce,0 - 3,Pisa
22-12-2020,Pisa,2 - 2,Chievo
27-12-2020,Nuova Cosenza,1 - 1,Pisa
04-01-2021,Venezia,1 - 1,Pisa
16-01-2021,Pisa,1 - 0,Brescia
22-01-2021,Virtus Entella,2 - 1,Pisa
30-01-2021,Pisa,1 - 0,Reggiana
02-02-2021,Pisa,0 - 0,Frosinone
06-02-2021,Cremonese,2 - 1,Pisa
09-02-2021,Pisa,2 - 2,Salernitana
12-02-2021,Monza,0 - 2,Pisa
20-02-2021,Pisa,1 - 1,Empoli
27-02-2021,Pisa,2 - 2,Vicenza Virtus
02-03-2021,Ascoli,0 - 2,Pisa
06-03-2021,Pisa,0 - 0,Reggina
12-03-2021,Cittadella,2 - 0,Pisa
15-03-2021,Pisa,3 - 0,Spal
02-04-2021,Pescara,3 - 1,Pisa
05-04-2021,Pisa,0 - 1,Lecce
12-04-2021,Chievo,2 - 0,Pisa
17-04-2021,Pisa,3 - 0,Nuova Cosenza
24-04-2021,Pordenone,2 - 2,Pisa
01-05-2021,Frosinone,3 - 1,Pisa
04-05-2021,Pisa,2 - 2,Venezia
07-05-2021,Brescia,4 - 3,Pisa
10-05-2021,Pisa,3 - 2,Virtus Entella
26-09-2020,Lecce,0 - 0,Pordenone
03-10-2020,Vicenza Virtus,1 - 1,Pordenone
17-10-2020,Pordenone,3 - 3,Spal
20-10-2020,Cittadella,2 - 0,Pordenone
24-10-2020,Pordenone,2 - 2,Reggina
31-10-2020,Ascoli,0 - 1,Pordenone
07-11-2020,Pordenone,1 - 1,Chievo
21-11-2020,Pordenone,1 - 1,Monza
28-11-2020,Pescara,0 - 2,Pordenone
07-12-2020,Pordenone,0 - 0,Empoli
12-12-2020,Pisa,1 - 0,Pordenone
15-12-2020,Pordenone,1 - 1,Brescia
18-12-2020,Virtus Entella,0 - 1,Pordenone
22-12-2020,Pordenone,1 - 2,Cremonese
27-12-2020,Frosinone,1 - 1,Pordenone
30-12-2020,Pordenone,3 - 0,Reggiana
04-01-2021,Salernitana,0 - 2,Pordenone
16-01-2021,Pordenone,2 - 0,Venezia
23-01-2021,Nuova Cosenza,0 - 0,Pordenone
30-01-2021,Pordenone,1 - 1,Lecce
06-02-2021,Pordenone,1 - 2,Vicenza Virtus
09-02-2021,Spal,1 - 3,Pordenone
13-02-2021,Pordenone,0 - 1,Cittadella
21-02-2021,Reggina,1 - 0,Pordenone
27-02-2021,Pordenone,1 - 1,Ascoli
02-03-2021,Chievo,3 - 0,Pordenone
06-03-2021,Monza,2 - 0,Pordenone
13-03-2021,Pordenone,0 - 0,Pescara
16-03-2021,Empoli,1 - 0,Pordenone
02-04-2021,Brescia,4 - 1,Pordenone
05-04-2021,Pordenone,3 - 0,Virtus Entella
10-04-2021,Cremonese,2 - 1,Pordenone
17-04-2021,Pordenone,2 - 0,Frosinone
24-04-2021,Pordenone,2 - 2,Pisa
01-05-2021,Reggiana,1 - 0,Pordenone
04-05-2021,Pordenone,1 - 2,Salernitana
07-05-2021,Venezia,0 - 0,Pordenone
10-05-2021,Pordenone,2 - 0,Nuova Cosenza
27-09-2020,Reggiana,2 - 2,Pisa
03-10-2020,Virtus Entella,0 - 2,Reggiana
17-10-2020,Reggiana,0 - 1,Chievo
20-10-2020,Ascoli,2 - 1,Reggiana
08-11-2020,Reggiana,2 - 1,Venezia
21-11-2020,Lecce,7 - 1,Reggiana
29-11-2020,Reggiana,1 - 1,Cremonese
06-12-2020,Reggiana,3 - 0,Monza
12-12-2020,Nuova Cosenza,0 - 1,Reggiana
15-12-2020,Reggiana,1 - 2,Frosinone
19-12-2020,Brescia,3 - 1,Reggiana
22-12-2020,Empoli,0 - 0,Reggiana
27-12-2020,Reggiana,0 - 1,Reggina
30-12-2020,Pordenone,3 - 0,Reggiana
04-01-2021,Reggiana,0 - 1,Pescara
09-01-2021,Reggiana,0 - 2,Cittadella
18-01-2021,Spal,2 - 0,Reggiana
23-01-2021,Reggiana,2 - 1,Vicenza Virtus
30-01-2021,Pisa,1 - 0,Reggiana
07-02-2021,Reggiana,2 - 1,Virtus Entella
10-02-2021,Chievo,1 - 0,Reggiana
14-02-2021,Reggiana,1 - 0,Ascoli
20-02-2021,Cittadella,0 - 3,Reggiana
26-02-2021,Reggiana,0 - 0,Salernitana
01-03-2021,Venezia,2 - 1,Reggiana
07-03-2021,Reggiana,0 - 4,Lecce
13-03-2021,Cremonese,3 - 0,Reggiana
16-03-2021,Monza,2 - 0,Reggiana
20-03-2021,Reggiana,1 - 1,Nuova Cosenza
02-04-2021,Frosinone,0 - 0,Reggiana
05-04-2021,Reggiana,2 - 2,Brescia
09-04-2021,Reggiana,0 - 1,Empoli
17-04-2021,Reggina,2 - 1,Reggiana
01-05-2021,Reggiana,1 - 0,Pordenone
04-05-2021,Pescara,1 - 0,Reggiana
07-05-2021,Reggiana,1 - 2,Spal
10-05-2021,Vicenza Virtus,2 - 1,Reggiana
26-09-2020,Salernitana,1 - 1,Reggina
03-10-2020,Reggina,3 - 1,Pescara
17-10-2020,Virtus Entella,1 - 1,Reggina
20-10-2020,Reggina,0 - 0,Nuova Cosenza
24-10-2020,Pordenone,2 - 2,Reggina
01-11-2020,Reggina,0 - 1,Spal
07-11-2020,Empoli,3 - 0,Reggina
22-11-2020,Reggina,1 - 2,Pisa
28-11-2020,Monza,1 - 0,Reggina
05-12-2020,Reggina,2 - 1,Brescia
11-12-2020,Chievo,3 - 0,Reggina
14-12-2020,Reggina,1 - 2,Venezia
19-12-2020,Reggina,1 - 3,Cittadella
22-12-2020,Vicenza Virtus,1 - 1,Reggina
27-12-2020,Reggiana,0 - 1,Reggina
30-12-2020,Reggina,1 - 0,Cremonese
04-01-2021,Ascoli,2 - 1,Reggina
16-01-2021,Reggina,0 - 1,Lecce
23-01-2021,Frosinone,1 - 1,Reggina
01-02-2021,Reggina,0 - 0,Salernitana
06-02-2021,Pescara,0 - 2,Reggina
10-02-2021,Reggina,1 - 0,Virtus Entella
15-02-2021,Nuova Cosenza,2 - 2,Reggina
21-02-2021,Reggina,1 - 0,Pordenone
27-02-2021,Spal,1 - 4,Reggina
02-03-2021,Reggina,0 - 3,Empoli
06-03-2021,Pisa,0 - 0,Reggina
13-03-2021,Reggina,1 - 0,Monza
16-03-2021,Brescia,1 - 0,Reggina
21-03-2021,Reggina,1 - 1,Chievo
02-04-2021,Venezia,0 - 2,Reggina
05-04-2021,Cittadella,1 - 1,Reggina
11-04-2021,Reggina,3 - 0,Vicenza Virtus
17-04-2021,Reggina,2 - 1,Reggiana
01-05-2021,Cremonese,1 - 1,Reggina
04-05-2021,Reggina,2 - 2,Ascoli
07-05-2021,Lecce,2 - 2,Reggina
10-05-2021,Reggina,0 - 4,Frosinone
26-09-2020,Salernitana,1 - 1,Reggina
03-10-2020,Chievo,1 - 2,Salernitana
17-10-2020,Salernitana,4 - 1,Pisa
20-10-2020,Vicenza Virtus,1 - 1,Salernitana
24-10-2020,Salernitana,1 - 0,Ascoli
06-11-2020,Spal,2 - 0,Salernitana
23-11-2020,Salernitana,2 - 1,Cremonese
29-11-2020,Nuova Cosenza,0 - 1,Salernitana
05-12-2020,Salernitana,1 - 0,Cittadella
12-12-2020,Brescia,3 - 1,Salernitana
15-12-2020,Salernitana,1 - 1,Lecce
18-12-2020,Frosinone,0 - 0,Salernitana
21-12-2020,Salernitana,2 - 1,Virtus Entella
27-12-2020,Venezia,1 - 2,Salernitana
30-12-2020,Monza,3 - 0,Salernitana
04-01-2021,Salernitana,0 - 2,Pordenone
17-01-2021,Empoli,5 - 0,Salernitana
23-01-2021,Salernitana,2 - 0,Pescara
01-02-2021,Reggina,0 - 0,Salernitana
06-02-2021,Salernitana,1 - 1,Chievo
09-02-2021,Pisa,2 - 2,Salernitana
13-02-2021,Salernitana,1 - 1,Vicenza Virtus
20-02-2021,Ascoli,0 - 2,Salernitana
26-02-2021,Reggiana,0 - 0,Salernitana
02-03-2021,Salernitana,0 - 0,Spal
06-03-2021,Cremonese,0 - 1,Salernitana
13-03-2021,Salernitana,0 - 0,Nuova Cosenza
16-03-2021,Cittadella,0 - 0,Salernitana
21-03-2021,Salernitana,1 - 0,Brescia
02-04-2021,Lecce,2 - 0,Salernitana
05-04-2021,Salernitana,1 - 0,Frosinone
10-04-2021,Virtus Entella,0 - 3,Salernitana
17-04-2021,Salernitana,2 - 1,Venezia
01-05-2021,Salernitana,1 - 3,Monza
04-05-2021,Pordenone,1 - 2,Salernitana
07-05-2021,Salernitana,2 - 0,Empoli
10-05-2021,Pescara,0 - 3,Salernitana
25-09-2020,Monza,0 - 0,Spal
03-10-2020,Spal,1 - 1,Nuova Cosenza
17-10-2020,Pordenone,3 - 3,Spal
20-10-2020,Empoli,2 - 1,Spal
24-10-2020,Spal,3 - 2,Vicenza Virtus
01-11-2020,Reggina,0 - 1,Spal
06-11-2020,Spal,2 - 0,Salernitana
21-11-2020,Spal,2 - 0,Pescara
30-11-2020,Virtus Entella,0 - 1,Spal
05-12-2020,Spal,4 - 0,Pisa
12-12-2020,Cittadella,2 - 0,Spal
15-12-2020,Spal,0 - 0,Chievo
19-12-2020,Venezia,0 - 0,Spal
22-12-2020,Spal,1 - 0,Lecce
27-12-2020,Ascoli,2 - 0,Spal
30-12-2020,Spal,2 - 3,Brescia
04-01-2021,Frosinone,1 - 2,Spal
18-01-2021,Spal,2 - 0,Reggiana
24-01-2021,Cremonese,1 - 1,Spal
31-01-2021,Spal,1 - 1,Monza
06-02-2021,Nuova Cosenza,1 - 1,Spal
09-02-2021,Spal,1 - 3,Pordenone
13-02-2021,Spal,1 - 1,Empoli
20-02-2021,Vicenza Virtus,2 - 2,Spal
27-02-2021,Spal,1 - 4,Reggina
02-03-2021,Salernitana,0 - 0,Spal
06-03-2021,Pescara,0 - 1,Spal
12-03-2021,Spal,0 - 0,Virtus Entella
15-03-2021,Pisa,3 - 0,Spal
20-03-2021,Spal,1 - 0,Cittadella
02-04-2021,Chievo,1 - 1,Spal
05-04-2021,Spal,1 - 1,Venezia
10-04-2021,Lecce,1 - 2,Spal
16-04-2021,Spal,1 - 2,Ascoli
01-05-2021,Brescia,3 - 1,Spal
04-05-2021,Spal,0 - 1,Frosinone
07-05-2021,Reggiana,1 - 2,Spal
10-05-2021,Spal,1 - 0,Cremonese
26-09-2020,Venezia,1 - 0,Vicenza Virtus
03-10-2020,Venezia,0 - 2,Frosinone
17-10-2020,Cremonese,0 - 0,Venezia
20-10-2020,Venezia,4 - 0,Pescara
01-11-2020,Venezia,2 - 0,Empoli
08-11-2020,Reggiana,2 - 1,Venezia
14-11-2020,Virtus Entella,0 - 2,Venezia
21-11-2020,Brescia,2 - 2,Venezia
28-11-2020,Venezia,2 - 1,Ascoli
05-12-2020,Lecce,2 - 2,Venezia
11-12-2020,Venezia,0 - 2,Monza
14-12-2020,Reggina,1 - 2,Venezia
19-12-2020,Venezia,0 - 0,Spal
22-12-2020,Nuova Cosenza,0 - 0,Venezia
27-12-2020,Venezia,1 - 2,Salernitana
30-12-2020,Chievo,1 - 1,Venezia
04-01-2021,Venezia,1 - 1,Pisa
16-01-2021,Pordenone,2 - 0,Venezia
23-01-2021,Venezia,1 - 0,Cittadella
29-01-2021,Vicenza Virtus,0 - 0,Venezia
06-02-2021,Frosinone,1 - 2,Venezia
09-02-2021,Venezia,3 - 1,Cremonese
13-02-2021,Pescara,0 - 2,Venezia
20-02-2021,Venezia,3 - 2,Virtus Entella
26-02-2021,Empoli,1 - 1,Venezia
01-03-2021,Venezia,2 - 1,Reggiana
06-03-2021,Venezia,0 - 1,Brescia
13-03-2021,Ascoli,1 - 1,Venezia
16-03-2021,Venezia,2 - 3,Lecce
20-03-2021,Monza,1 - 4,Venezia
02-04-2021,Venezia,0 - 2,Reggina
05-04-2021,Spal,1 - 1,Venezia
11-04-2021,Venezia,3 - 0,Nuova Cosenza
17-04-2021,Salernitana,2 - 1,Venezia
01-05-2021,Venezia,3 - 1,Chievo
04-05-2021,Pisa,2 - 2,Venezia
07-05-2021,Venezia,0 - 0,Pordenone
10-05-2021,Cittadella,1 - 1,Venezia
17-05-2021,Venezia,1 - 0,Lecce
20-05-2021,Lecce,1 - 1,Venezia
23-05-2021,Cittadella,0 - 1,Venezia
27-05-2021,Venezia,1 - 1,Cittadella
26-09-2020,Venezia,1 - 0,Vicenza Virtus
03-10-2020,Vicenza Virtus,1 - 1,Pordenone
20-10-2020,Vicenza Virtus,1 - 1,Salernitana
24-10-2020,Spal,3 - 2,Vicenza Virtus
31-10-2020,Vicenza Virtus,4 - 4,Pisa
07-11-2020,Cremonese,0 - 1,Vicenza Virtus
28-11-2020,Empoli,2 - 2,Vicenza Virtus
02-12-2020,Monza,1 - 1,Vicenza Virtus
06-12-2020,Vicenza Virtus,1 - 1,Nuova Cosenza
12-12-2020,Pescara,2 - 3,Vicenza Virtus
15-12-2020,Cittadella,3 - 0,Vicenza Virtus
19-12-2020,Vicenza Virtus,2 - 1,Ascoli
22-12-2020,Vicenza Virtus,1 - 1,Reggina
27-12-2020,Lecce,2 - 1,Vicenza Virtus
30-12-2020,Vicenza Virtus,0 - 1,Virtus Entella
04-01-2021,Brescia,0 - 3,Vicenza Virtus
15-01-2021,Vicenza Virtus,0 - 0,Frosinone
19-01-2021,Vicenza Virtus,1 - 1,Chievo
23-01-2021,Reggiana,2 - 1,Vicenza Virtus
29-01-2021,Vicenza Virtus,0 - 0,Venezia
06-02-2021,Pordenone,1 - 2,Vicenza Virtus
09-02-2021,Vicenza Virtus,1 - 2,Monza
13-02-2021,Salernitana,1 - 1,Vicenza Virtus
20-02-2021,Vicenza Virtus,2 - 2,Spal
27-02-2021,Pisa,2 - 2,Vicenza Virtus
02-03-2021,Vicenza Virtus,3 - 1,Cremonese
08-03-2021,Chievo,1 - 2,Vicenza Virtus
13-03-2021,Vicenza Virtus,0 - 2,Empoli
16-03-2021,Nuova Cosenza,1 - 1,Vicenza Virtus
20-03-2021,Vicenza Virtus,1 - 0,Pescara
02-04-2021,Vicenza Virtus,1 - 0,Cittadella
05-04-2021,Ascoli,2 - 1,Vicenza Virtus
11-04-2021,Reggina,3 - 0,Vicenza Virtus
17-04-2021,Vicenza Virtus,1 - 2,Lecce
01-05-2021,Virtus Entella,1 - 2,Vicenza Virtus
04-05-2021,Vicenza Virtus,0 - 3,Brescia
07-05-2021,Frosinone,1 - 1,Vicenza Virtus
10-05-2021,Vicenza Virtus,2 - 1,Reggiana
26-09-2020,Nuova Cosenza,0 - 0,Virtus Entella
03-10-2020,Virtus Entella,0 - 2,Reggiana
17-10-2020,Virtus Entella,1 - 1,Reggina
20-10-2020,Frosinone,0 - 0,Virtus Entella
31-10-2020,Brescia,2 - 2,Virtus Entella
08-11-2020,Virtus Entella,1 - 5,Lecce
14-11-2020,Virtus Entella,0 - 2,Venezia
22-11-2020,Ascoli,1 - 1,Virtus Entella
30-11-2020,Virtus Entella,0 - 1,Spal
05-12-2020,Cremonese,2 - 1,Virtus Entella
12-12-2020,Virtus Entella,2 - 5,Empoli
15-12-2020,Monza,5 - 0,Virtus Entella
18-12-2020,Virtus Entella,0 - 1,Pordenone
21-12-2020,Salernitana,2 - 1,Virtus Entella
27-12-2020,Virtus Entella,3 - 0,Pescara
30-12-2020,Vicenza Virtus,0 - 1,Virtus Entella
04-01-2021,Virtus Entella,1 - 0,Cittadella
15-01-2021,Chievo,2 - 1,Virtus Entella
22-01-2021,Virtus Entella,2 - 1,Pisa
30-01-2021,Virtus Entella,1 - 2,Nuova Cosenza
07-02-2021,Reggiana,2 - 1,Virtus Entella
10-02-2021,Reggina,1 - 0,Virtus Entella
14-02-2021,Virtus Entella,2 - 3,Frosinone
20-02-2021,Venezia,3 - 2,Virtus Entella
27-02-2021,Virtus Entella,1 - 1,Brescia
02-03-2021,Lecce,0 - 0,Virtus Entella
06-03-2021,Virtus Entella,0 - 0,Ascoli
12-03-2021,Spal,0 - 0,Virtus Entella
16-03-2021,Virtus Entella,0 - 2,Cremonese
20-03-2021,Empoli,1 - 0,Virtus Entella
02-04-2021,Virtus Entella,1 - 1,Monza
05-04-2021,Pordenone,3 - 0,Virtus Entella
10-04-2021,Virtus Entella,0 - 3,Salernitana
27-04-2021,Pescara,1 - 1,Virtus Entella
01-05-2021,Virtus Entella,1 - 2,Vicenza Virtus
04-05-2021,Cittadella,1 - 0,Virtus Entella
07-05-2021,Virtus Entella,1 - 3,Chievo
10-05-2021,Pisa,3 - 2,Virtus Entella
